customer_id,customer_name,segment,region
C001,Customer 001,Consumer,West
C002,Customer 002,SMB,Central
C003,Customer 003,Enterprise,East
C004,Customer 004,Consumer,South
C005,Customer 005,SMB,West
C006,Customer 006,Enterprise,Central
C007,Customer 007,Consumer,East
C008,Customer 008,SMB,South
C009,Customer 009,Enterprise,West
C010,Customer 010,Consumer,Central
C011,Customer 011,SMB,East
C012,Customer 012,Enterprise,South
C013,Customer 013,Consumer,West
C014,Customer 014,SMB,Central
C015,Customer 015,Enterprise,East
C016,Customer 016,Consumer,South
C017,Customer 017,SMB,West
C018,Customer 018,Enterprise,Central
C019,Customer 019,Consumer,East
C020,Customer 020,SMB,South
C021,Customer 021,Enterprise,West
C022,Customer 022,Consumer,Central
C023,Customer 023,SMB,East
C024,Customer 024,Enterprise,South
C025,Customer 025,Consumer,West
C026,Customer 026,SMB,Central
C027,Customer 027,Enterprise,East
C028,Customer 028,Consumer,South
C029,Customer 029,SMB,West
C030,Customer 030,Enterprise,Central
C031,Customer 031,Consumer,East
C032,Customer 032,SMB,South
C033,Customer 033,Enterprise,West
C034,Customer 034,Consumer,Central
C035,Customer 035,SMB,East
C036,Customer 036,Enterprise,South
C037,Customer 037,Consumer,West
C038,Customer 038,SMB,Central
C039,Customer 039,Enterprise,East
C040,Customer 040,Consumer,South
C041,Customer 041,SMB,West
C042,Customer 042,Enterprise,Central
C043,Customer 043,Consumer,East
C044,Customer 044,SMB,South
C045,Customer 045,Enterprise,West
C046,Customer 046,Consumer,Central
C047,Customer 047,SMB,East
C048,Customer 048,Enterprise,South
C049,Customer 049,Consumer,West
C050,Customer 050,SMB,Central
