order_id,customer_id,product_id,order_date,quantity,unit_price
O00001,C008,P001,2026-06-13,3,32.5
O00002,C015,P005,2026-03-04,1,62.5
O00003,C048,P029,2026-06-23,5,242.5
O00004,C038,P014,2026-01-23,1,130.0
O00005,C006,P007,2026-01-08,2,77.5
O00006,C039,P001,2026-05-10,5,32.5
O00007,C046,P021,2026-02-20,5,182.5
O00008,C015,P015,2026-04-18,5,137.5
O00009,C001,P025,2026-03-13,2,212.5
O00010,C028,P011,2026-06-28,3,107.5
O00011,C014,P025,2026-02-09,3,212.5
O00012,C006,P013,2026-01-27,1,122.5
O00013,C023,P020,2026-04-02,3,175.0
O00014,C047,P015,2026-01-12,5,137.5
O00015,C025,P003,2026-02-01,5,47.5
O00016,C041,P020,2026-03-17,3,175.0
O00017,C013,P023,2026-05-28,1,197.5
O00018,C043,P008,2026-01-12,3,85.0
O00019,C015,P028,2026-01-21,1,235.0
O00020,C018,P015,2026-04-08,3,137.5
O00021,C024,P012,2026-02-11,2,115.0
O00022,C018,P023,2026-06-21,1,197.5
O00023,C041,P006,2026-06-05,5,70.0
O00024,C011,P015,2026-03-04,4,137.5
O00025,C041,P023,2026-03-11,5,197.5
O00026,C044,P011,2026-02-26,1,107.5
O00027,C003,P026,2026-02-28,3,220.0
O00028,C018,P003,2026-04-13,2,47.5
O00029,C046,P011,2026-05-26,2,107.5
O00030,C032,P013,2026-06-17,4,122.5
O00031,C017,P005,2026-02-06,2,62.5
O00032,C035,P009,2026-05-24,5,92.5
O00033,C038,P013,2026-04-20,3,122.5
O00034,C009,P017,2026-02-26,4,152.5
O00035,C049,P002,2026-01-24,1,40.0
O00036,C041,P006,2026-02-09,4,70.0
O00037,C005,P013,2026-06-02,4,122.5
O00038,C030,P017,2026-06-02,3,152.5
O00039,C001,P022,2026-05-22,1,190.0
O00040,C035,P025,2026-06-24,3,212.5
O00041,C022,P004,2026-06-14,3,55.0
O00042,C011,P015,2026-04-22,1,137.5
O00043,C033,P025,2026-03-09,2,212.5
O00044,C007,P028,2026-05-10,3,235.0
O00045,C033,P020,2026-06-13,2,175.0
O00046,C024,P025,2026-02-09,2,212.5
O00047,C050,P030,2026-05-19,5,250.0
O00048,C039,P011,2026-01-01,4,107.5
O00049,C008,P030,2026-01-05,3,250.0
O00050,C016,P002,2026-03-20,2,40.0
O00051,C006,P003,2026-05-26,4,47.5
O00052,C049,P018,2026-01-18,2,160.0
O00053,C043,P016,2026-02-02,5,145.0
O00054,C017,P017,2026-02-12,5,152.5
O00055,C014,P030,2026-04-19,5,250.0
O00056,C013,P023,2026-06-26,3,197.5
O00057,C043,P021,2026-04-13,3,182.5
O00058,C034,P015,2026-04-23,1,137.5
O00059,C015,P003,2026-03-05,3,47.5
O00060,C038,P018,2026-01-06,2,160.0
O00061,C015,P001,2026-05-31,1,32.5
O00062,C004,P008,2026-06-11,1,85.0
O00063,C022,P003,2026-01-09,5,47.5
O00064,C018,P022,2026-03-02,4,190.0
O00065,C035,P005,2026-02-24,5,62.5
O00066,C031,P008,2026-05-28,4,85.0
O00067,C013,P004,2026-04-15,1,55.0
O00068,C028,P012,2026-06-18,4,115.0
O00069,C030,P028,2026-04-16,1,235.0
O00070,C042,P021,2026-06-22,1,182.5
O00071,C026,P024,2026-01-16,3,205.0
O00072,C016,P007,2026-01-28,2,77.5
O00073,C029,P005,2026-05-18,4,62.5
O00074,C018,P015,2026-02-16,2,137.5
O00075,C029,P026,2026-01-20,5,220.0
O00076,C004,P021,2026-01-26,5,182.5
O00077,C006,P030,2026-01-04,2,250.0
O00078,C027,P016,2026-02-12,4,145.0
O00079,C026,P029,2026-02-24,1,242.5
O00080,C025,P001,2026-02-12,4,32.5
O00081,C030,P010,2026-03-09,4,100.0
O00082,C047,P026,2026-06-28,5,220.0
O00083,C046,P016,2026-06-19,2,145.0
O00084,C019,P007,2026-02-18,1,77.5
O00085,C048,P018,2026-05-29,1,160.0
O00086,C004,P002,2026-03-22,5,40.0
O00087,C033,P030,2026-05-03,5,250.0
O00088,C004,P017,2026-02-10,1,152.5
O00089,C005,P020,2026-02-17,1,175.0
O00090,C016,P013,2026-06-22,1,122.5
O00091,C016,P019,2026-05-26,5,167.5
O00092,C040,P003,2026-01-11,4,47.5
O00093,C038,P019,2026-06-18,5,167.5
O00094,C017,P007,2026-03-22,3,77.5
O00095,C017,P013,2026-03-03,2,122.5
O00096,C042,P010,2026-06-21,4,100.0
O00097,C049,P030,2026-03-22,1,250.0
O00098,C030,P020,2026-01-03,5,175.0
O00099,C005,P018,2026-01-26,2,160.0
O00100,C017,P005,2026-05-10,3,62.5
O00101,C016,P012,2026-01-18,3,115.0
O00102,C029,P027,2026-02-10,5,227.5
O00103,C040,P026,2026-03-19,5,220.0
O00104,C043,P027,2026-01-03,5,227.5
O00105,C043,P004,2026-03-18,2,55.0
O00106,C008,P029,2026-03-09,1,242.5
O00107,C010,P009,2026-05-22,3,92.5
O00108,C014,P023,2026-06-04,3,197.5
O00109,C044,P021,2026-02-22,3,182.5
O00110,C032,P009,2026-05-10,1,92.5
O00111,C041,P014,2026-01-24,3,130.0
O00112,C001,P011,2026-01-12,2,107.5
O00113,C017,P006,2026-06-13,4,70.0
O00114,C046,P014,2026-05-22,5,130.0
O00115,C008,P003,2026-01-03,2,47.5
O00116,C003,P027,2026-05-20,3,227.5
O00117,C036,P005,2026-05-30,4,62.5
O00118,C003,P010,2026-02-02,3,100.0
O00119,C023,P007,2026-01-11,2,77.5
O00120,C007,P012,2026-06-20,5,115.0
O00121,C040,P024,2026-04-15,2,205.0
O00122,C011,P026,2026-03-02,2,220.0
O00123,C002,P006,2026-04-16,3,70.0
O00124,C043,P028,2026-04-16,2,235.0
O00125,C011,P026,2026-03-10,1,220.0
O00126,C003,P028,2026-04-08,4,235.0
O00127,C013,P027,2026-02-26,4,227.5
O00128,C020,P027,2026-03-31,2,227.5
O00129,C002,P022,2026-02-27,2,190.0
O00130,C022,P009,2026-04-13,1,92.5
O00131,C023,P021,2026-03-13,5,182.5
O00132,C044,P027,2026-04-13,5,227.5
O00133,C002,P004,2026-03-26,3,55.0
O00134,C038,P009,2026-02-15,1,92.5
O00135,C039,P014,2026-01-28,3,130.0
O00136,C028,P020,2026-03-22,5,175.0
O00137,C025,P029,2026-01-30,5,242.5
O00138,C017,P002,2026-02-18,4,40.0
O00139,C034,P030,2026-01-01,5,250.0
O00140,C047,P024,2026-06-25,2,205.0
O00141,C028,P003,2026-04-04,3,47.5
O00142,C021,P022,2026-06-09,1,190.0
O00143,C033,P010,2026-03-18,4,100.0
O00144,C026,P023,2026-03-25,3,197.5
O00145,C009,P007,2026-05-22,4,77.5
O00146,C025,P022,2026-06-20,2,190.0
O00147,C037,P010,2026-06-07,4,100.0
O00148,C001,P010,2026-05-21,3,100.0
O00149,C028,P026,2026-02-23,5,220.0
O00150,C042,P011,2026-06-05,4,107.5
O00151,C029,P022,2026-04-24,2,190.0
O00152,C031,P026,2026-05-11,2,220.0
O00153,C006,P010,2026-06-18,5,100.0
O00154,C041,P020,2026-06-19,3,175.0
O00155,C049,P008,2026-01-24,3,85.0
O00156,C013,P005,2026-02-27,1,62.5
O00157,C016,P016,2026-01-12,5,145.0
O00158,C030,P014,2026-01-19,5,130.0
O00159,C046,P023,2026-02-19,4,197.5
O00160,C026,P008,2026-05-07,2,85.0
O00161,C045,P001,2026-06-17,1,32.5
O00162,C015,P006,2026-04-19,5,70.0
O00163,C004,P018,2026-04-29,2,160.0
O00164,C030,P005,2026-02-01,4,62.5
O00165,C034,P018,2026-06-20,5,160.0
O00166,C049,P029,2026-03-23,4,242.5
O00167,C047,P029,2026-06-06,5,242.5
O00168,C036,P015,2026-04-20,2,137.5
O00169,C029,P009,2026-05-02,2,92.5
O00170,C018,P025,2026-06-13,5,212.5
O00171,C041,P008,2026-05-05,3,85.0
O00172,C005,P023,2026-04-23,3,197.5
O00173,C018,P011,2026-03-02,3,107.5
O00174,C006,P005,2026-05-19,2,62.5
O00175,C025,P023,2026-03-01,2,197.5
O00176,C005,P014,2026-02-24,4,130.0
O00177,C035,P015,2026-03-26,4,137.5
O00178,C014,P027,2026-01-16,4,227.5
O00179,C050,P019,2026-04-10,1,167.5
O00180,C025,P016,2026-05-28,1,145.0
O00181,C020,P025,2026-04-01,4,212.5
O00182,C035,P024,2026-04-18,5,205.0
O00183,C015,P016,2026-06-04,2,145.0
O00184,C028,P016,2026-03-11,1,145.0
O00185,C022,P022,2026-04-10,4,190.0
O00186,C030,P030,2026-02-12,2,250.0
O00187,C035,P001,2026-06-09,4,32.5
O00188,C037,P022,2026-06-01,1,190.0
O00189,C042,P014,2026-01-22,2,130.0
O00190,C012,P002,2026-04-29,3,40.0
O00191,C021,P007,2026-04-08,4,77.5
O00192,C022,P025,2026-03-25,4,212.5
O00193,C049,P027,2026-03-13,4,227.5
O00194,C006,P016,2026-03-06,1,145.0
O00195,C004,P012,2026-05-19,2,115.0
O00196,C005,P025,2026-06-16,1,212.5
O00197,C016,P007,2026-01-08,1,77.5
O00198,C010,P008,2026-06-09,2,85.0
O00199,C043,P004,2026-05-02,5,55.0
O00200,C030,P023,2026-02-25,3,197.5
O00201,C011,P020,2026-04-05,5,175.0
O00202,C050,P027,2026-01-30,2,227.5
O00203,C007,P019,2026-03-21,1,167.5
O00204,C037,P022,2026-03-21,4,190.0
O00205,C046,P007,2026-04-12,1,77.5
O00206,C045,P027,2026-06-01,2,227.5
O00207,C045,P025,2026-01-27,3,212.5
O00208,C039,P026,2026-06-25,1,220.0
O00209,C003,P012,2026-05-25,5,115.0
O00210,C043,P012,2026-04-20,1,115.0
O00211,C042,P011,2026-05-10,1,107.5
O00212,C032,P004,2026-04-18,4,55.0
O00213,C041,P029,2026-04-03,4,242.5
O00214,C028,P006,2026-02-09,5,70.0
O00215,C018,P020,2026-06-16,5,175.0
O00216,C030,P014,2026-05-04,5,130.0
O00217,C021,P028,2026-03-10,2,235.0
O00218,C018,P029,2026-01-23,4,242.5
O00219,C049,P015,2026-03-04,5,137.5
O00220,C043,P013,2026-06-06,3,122.5
O00221,C032,P028,2026-01-08,3,235.0
O00222,C032,P007,2026-02-16,3,77.5
O00223,C022,P009,2026-03-08,5,92.5
O00224,C018,P018,2026-06-29,1,160.0
O00225,C013,P003,2026-05-13,2,47.5
O00226,C032,P018,2026-04-15,2,160.0
O00227,C031,P021,2026-06-26,4,182.5
O00228,C002,P003,2026-04-25,3,47.5
O00229,C026,P023,2026-02-26,2,197.5
O00230,C043,P019,2026-03-20,3,167.5
O00231,C036,P017,2026-05-02,3,152.5
O00232,C048,P018,2026-04-19,3,160.0
O00233,C045,P015,2026-04-01,3,137.5
O00234,C017,P008,2026-03-20,1,85.0
O00235,C021,P004,2026-02-19,5,55.0
O00236,C012,P007,2026-06-26,2,77.5
O00237,C018,P024,2026-05-04,5,205.0
O00238,C039,P010,2026-05-15,1,100.0
O00239,C019,P008,2026-02-19,3,85.0
O00240,C020,P001,2026-02-15,5,32.5
O00241,C018,P002,2026-02-02,1,40.0
O00242,C019,P023,2026-05-22,2,197.5
O00243,C049,P016,2026-06-13,1,145.0
O00244,C037,P010,2026-01-04,4,100.0
O00245,C029,P011,2026-05-03,2,107.5
O00246,C017,P028,2026-01-14,4,235.0
O00247,C005,P013,2026-01-30,4,122.5
O00248,C037,P021,2026-01-19,1,182.5
O00249,C010,P026,2026-02-08,5,220.0
O00250,C006,P008,2026-03-19,1,85.0
O00251,C049,P014,2026-05-23,5,130.0
O00252,C040,P008,2026-06-02,5,85.0
O00253,C029,P030,2026-04-08,4,250.0
O00254,C038,P014,2026-03-18,3,130.0
O00255,C040,P002,2026-05-26,5,40.0
O00256,C049,P007,2026-01-26,2,77.5
O00257,C043,P003,2026-03-09,2,47.5
O00258,C012,P018,2026-03-03,1,160.0
O00259,C001,P014,2026-02-10,4,130.0
O00260,C039,P016,2026-06-26,3,145.0
O00261,C015,P010,2026-01-09,3,100.0
O00262,C030,P003,2026-06-29,2,47.5
O00263,C041,P019,2026-03-09,2,167.5
O00264,C008,P018,2026-04-19,2,160.0
O00265,C010,P030,2026-06-15,3,250.0
O00266,C005,P002,2026-02-06,2,40.0
O00267,C039,P024,2026-03-20,5,205.0
O00268,C029,P004,2026-03-15,4,55.0
O00269,C020,P023,2026-06-26,4,197.5
O00270,C033,P018,2026-03-11,4,160.0
O00271,C006,P020,2026-04-23,1,175.0
O00272,C048,P011,2026-04-21,5,107.5
O00273,C002,P003,2026-03-06,2,47.5
O00274,C037,P019,2026-06-22,1,167.5
O00275,C018,P019,2026-06-22,1,167.5
O00276,C031,P017,2026-02-14,4,152.5
O00277,C012,P019,2026-03-13,4,167.5
O00278,C032,P003,2026-06-12,4,47.5
O00279,C027,P011,2026-03-31,3,107.5
O00280,C007,P028,2026-06-21,2,235.0
O00281,C027,P023,2026-03-26,4,197.5
O00282,C043,P013,2026-03-15,5,122.5
O00283,C030,P003,2026-01-10,3,47.5
O00284,C021,P004,2026-03-06,4,55.0
O00285,C001,P022,2026-05-12,5,190.0
O00286,C027,P002,2026-04-29,2,40.0
O00287,C024,P020,2026-05-13,4,175.0
O00288,C029,P025,2026-06-10,1,212.5
O00289,C018,P018,2026-02-22,2,160.0
O00290,C029,P029,2026-03-15,4,242.5
O00291,C002,P021,2026-02-01,5,182.5
O00292,C046,P006,2026-03-03,3,70.0
O00293,C001,P018,2026-05-22,4,160.0
O00294,C015,P027,2026-01-24,1,227.5
O00295,C008,P021,2026-04-29,2,182.5
O00296,C046,P010,2026-05-08,5,100.0
O00297,C027,P027,2026-03-11,4,227.5
O00298,C016,P015,2026-05-01,5,137.5
O00299,C025,P007,2026-02-07,5,77.5
O00300,C048,P029,2026-05-11,2,242.5
O00301,C018,P025,2026-01-18,4,212.5
O00302,C033,P009,2026-03-29,1,92.5
O00303,C047,P010,2026-03-14,5,100.0
O00304,C043,P016,2026-05-29,2,145.0
O00305,C035,P016,2026-04-25,3,145.0
O00306,C036,P025,2026-03-27,5,212.5
O00307,C030,P030,2026-04-07,3,250.0
O00308,C045,P008,2026-02-18,5,85.0
O00309,C015,P028,2026-04-09,4,235.0
O00310,C021,P024,2026-01-12,4,205.0
O00311,C025,P022,2026-04-08,2,190.0
O00312,C003,P005,2026-05-07,5,62.5
O00313,C022,P028,2026-06-01,1,235.0
O00314,C007,P017,2026-04-23,4,152.5
O00315,C047,P005,2026-01-04,4,62.5
O00316,C010,P003,2026-06-17,4,47.5
O00317,C022,P020,2026-03-09,4,175.0
O00318,C006,P028,2026-06-16,3,235.0
O00319,C035,P013,2026-06-22,3,122.5
O00320,C046,P029,2026-06-10,4,242.5
O00321,C003,P020,2026-05-19,1,175.0
O00322,C041,P022,2026-03-02,3,190.0
O00323,C048,P003,2026-02-28,4,47.5
O00324,C049,P021,2026-01-26,1,182.5
O00325,C011,P023,2026-04-24,3,197.5
O00326,C003,P011,2026-01-08,1,107.5
O00327,C023,P012,2026-03-17,4,115.0
O00328,C016,P017,2026-02-07,4,152.5
O00329,C044,P026,2026-05-25,2,220.0
O00330,C012,P003,2026-02-13,5,47.5
O00331,C040,P022,2026-04-08,2,190.0
O00332,C038,P005,2026-05-08,2,62.5
O00333,C041,P009,2026-04-29,4,92.5
O00334,C043,P001,2026-03-07,4,32.5
O00335,C044,P018,2026-03-15,2,160.0
O00336,C029,P012,2026-01-19,5,115.0
O00337,C041,P014,2026-03-18,3,130.0
O00338,C020,P007,2026-04-27,4,77.5
O00339,C007,P008,2026-05-04,4,85.0
O00340,C023,P019,2026-05-27,3,167.5
O00341,C019,P001,2026-06-29,4,32.5
O00342,C001,P019,2026-03-12,1,167.5
O00343,C048,P016,2026-06-05,3,145.0
O00344,C039,P026,2026-02-28,3,220.0
O00345,C041,P007,2026-02-26,5,77.5
O00346,C044,P025,2026-03-06,2,212.5
O00347,C007,P029,2026-06-10,1,242.5
O00348,C029,P002,2026-03-21,5,40.0
O00349,C047,P005,2026-04-04,1,62.5
O00350,C021,P024,2026-03-17,4,205.0
O00351,C013,P005,2026-02-14,5,62.5
O00352,C034,P017,2026-04-04,3,152.5
O00353,C017,P030,2026-02-12,4,250.0
O00354,C048,P028,2026-03-17,3,235.0
O00355,C030,P003,2026-01-30,2,47.5
O00356,C044,P024,2026-02-27,4,205.0
O00357,C024,P003,2026-05-23,4,47.5
O00358,C017,P018,2026-01-04,1,160.0
O00359,C024,P022,2026-04-27,3,190.0
O00360,C025,P027,2026-05-30,3,227.5
O00361,C044,P008,2026-01-28,4,85.0
O00362,C040,P029,2026-01-07,5,242.5
O00363,C040,P008,2026-03-25,1,85.0
O00364,C030,P030,2026-06-12,3,250.0
O00365,C027,P004,2026-06-16,2,55.0
O00366,C003,P010,2026-01-12,4,100.0
O00367,C007,P008,2026-01-30,5,85.0
O00368,C025,P015,2026-02-04,3,137.5
O00369,C048,P023,2026-06-21,5,197.5
O00370,C038,P024,2026-04-18,2,205.0
O00371,C042,P004,2026-04-17,4,55.0
O00372,C027,P009,2026-06-07,1,92.5
O00373,C024,P007,2026-06-26,4,77.5
O00374,C016,P028,2026-04-24,3,235.0
O00375,C044,P012,2026-01-26,5,115.0
O00376,C023,P002,2026-06-15,4,40.0
O00377,C013,P004,2026-03-12,4,55.0
O00378,C043,P007,2026-01-24,5,77.5
O00379,C004,P026,2026-01-06,3,220.0
O00380,C009,P026,2026-03-04,5,220.0
O00381,C005,P027,2026-02-22,5,227.5
O00382,C038,P007,2026-02-23,2,77.5
O00383,C050,P005,2026-03-26,5,62.5
O00384,C018,P028,2026-01-01,2,235.0
O00385,C035,P009,2026-02-03,2,92.5
O00386,C043,P028,2026-01-29,1,235.0
O00387,C001,P012,2026-02-03,2,115.0
O00388,C021,P001,2026-05-31,2,32.5
O00389,C004,P005,2026-03-09,4,62.5
O00390,C008,P024,2026-05-15,1,205.0
O00391,C029,P025,2026-05-02,3,212.5
O00392,C038,P004,2026-05-12,4,55.0
O00393,C015,P020,2026-05-09,1,175.0
O00394,C034,P010,2026-06-18,4,100.0
O00395,C002,P002,2026-06-14,4,40.0
O00396,C028,P022,2026-04-13,1,190.0
O00397,C046,P030,2026-05-06,4,250.0
O00398,C006,P011,2026-01-19,5,107.5
O00399,C005,P005,2026-02-07,3,62.5
O00400,C041,P019,2026-06-09,5,167.5
O00401,C025,P020,2026-03-25,5,175.0
O00402,C030,P017,2026-03-17,5,152.5
O00403,C007,P026,2026-04-21,1,220.0
O00404,C042,P029,2026-06-17,5,242.5
O00405,C028,P015,2026-02-25,2,137.5
O00406,C022,P027,2026-04-16,4,227.5
O00407,C027,P024,2026-04-13,1,205.0
O00408,C028,P011,2026-03-22,3,107.5
O00409,C010,P022,2026-04-06,4,190.0
O00410,C006,P027,2026-01-18,1,227.5
O00411,C028,P004,2026-01-24,3,55.0
O00412,C036,P002,2026-02-03,5,40.0
O00413,C036,P011,2026-05-24,1,107.5
O00414,C023,P028,2026-04-16,4,235.0
O00415,C019,P020,2026-01-14,3,175.0
O00416,C007,P019,2026-04-01,5,167.5
O00417,C010,P022,2026-02-24,4,190.0
O00418,C007,P012,2026-02-27,5,115.0
O00419,C008,P025,2026-04-05,3,212.5
O00420,C015,P026,2026-05-27,4,220.0
O00421,C050,P027,2026-05-24,5,227.5
O00422,C044,P021,2026-06-07,5,182.5
O00423,C039,P030,2026-01-07,3,250.0
O00424,C012,P009,2026-01-08,3,92.5
O00425,C023,P001,2026-03-28,2,32.5
O00426,C037,P022,2026-02-06,4,190.0
O00427,C010,P024,2026-01-18,1,205.0
O00428,C048,P017,2026-01-24,2,152.5
O00429,C027,P015,2026-04-07,3,137.5
O00430,C024,P010,2026-02-10,3,100.0
O00431,C039,P003,2026-05-26,1,47.5
O00432,C011,P025,2026-02-09,5,212.5
O00433,C044,P003,2026-01-13,3,47.5
O00434,C043,P014,2026-04-24,4,130.0
O00435,C029,P014,2026-06-05,3,130.0
O00436,C049,P017,2026-02-25,1,152.5
O00437,C028,P004,2026-03-30,3,55.0
O00438,C044,P019,2026-06-23,4,167.5
O00439,C043,P010,2026-05-15,1,100.0
O00440,C026,P020,2026-02-26,1,175.0
O00441,C014,P010,2026-01-02,2,100.0
O00442,C049,P009,2026-02-05,3,92.5
O00443,C008,P001,2026-03-25,4,32.5
O00444,C012,P005,2026-04-21,4,62.5
O00445,C046,P008,2026-05-17,5,85.0
O00446,C043,P026,2026-05-24,3,220.0
O00447,C026,P028,2026-01-19,1,235.0
O00448,C002,P015,2026-04-22,1,137.5
O00449,C037,P014,2026-03-22,5,130.0
O00450,C046,P021,2026-04-14,4,182.5
O00451,C008,P013,2026-03-16,1,122.5
O00452,C011,P026,2026-03-25,5,220.0
O00453,C045,P030,2026-04-28,3,250.0
O00454,C028,P028,2026-01-23,1,235.0
O00455,C028,P019,2026-03-04,4,167.5
O00456,C006,P013,2026-05-15,3,122.5
O00457,C015,P011,2026-03-28,2,107.5
O00458,C033,P021,2026-01-20,1,182.5
O00459,C033,P007,2026-05-16,3,77.5
O00460,C047,P027,2026-03-31,2,227.5
O00461,C007,P005,2026-03-02,3,62.5
O00462,C012,P020,2026-02-20,2,175.0
O00463,C005,P006,2026-06-17,4,70.0
O00464,C049,P019,2026-04-29,5,167.5
O00465,C044,P030,2026-04-25,5,250.0
O00466,C041,P020,2026-06-14,3,175.0
O00467,C021,P005,2026-06-10,4,62.5
O00468,C031,P015,2026-01-18,3,137.5
O00469,C038,P002,2026-03-12,3,40.0
O00470,C005,P010,2026-05-10,4,100.0
O00471,C003,P002,2026-04-26,3,40.0
O00472,C005,P021,2026-03-15,1,182.5
O00473,C039,P017,2026-06-07,4,152.5
O00474,C038,P018,2026-04-29,1,160.0
O00475,C037,P021,2026-04-26,2,182.5
O00476,C039,P016,2026-03-24,5,145.0
O00477,C004,P015,2026-02-08,1,137.5
O00478,C046,P003,2026-03-29,5,47.5
O00479,C012,P002,2026-06-15,2,40.0
O00480,C029,P017,2026-04-23,5,152.5
O00481,C011,P012,2026-06-06,3,115.0
O00482,C025,P014,2026-03-14,3,130.0
O00483,C039,P002,2026-06-23,3,40.0
O00484,C022,P004,2026-01-17,5,55.0
O00485,C025,P010,2026-06-23,3,100.0
O00486,C039,P028,2026-06-18,2,235.0
O00487,C006,P019,2026-03-27,2,167.5
O00488,C020,P021,2026-03-31,4,182.5
O00489,C039,P023,2026-02-03,1,197.5
O00490,C036,P013,2026-03-21,3,122.5
O00491,C043,P023,2026-02-02,5,197.5
O00492,C042,P022,2026-01-24,4,190.0
O00493,C024,P001,2026-05-11,3,32.5
O00494,C012,P007,2026-03-21,3,77.5
O00495,C013,P008,2026-05-05,2,85.0
O00496,C005,P010,2026-02-09,1,100.0
O00497,C050,P018,2026-05-10,5,160.0
O00498,C043,P011,2026-01-10,5,107.5
O00499,C039,P013,2026-02-03,2,122.5
O00500,C012,P027,2026-02-11,5,227.5
