payment_id,order_id,payment_amount,payment_method,payment_status
PAY00001,O00001,97.5,CARD,PAID
PAY00002,O00002,62.5,EWALLET,PAID
PAY00003,O00003,1212.5,BANK_TRANSFER,PAID
PAY00004,O00004,130.0,CARD,PAID
PAY00005,O00005,155.0,BANK_TRANSFER,PAID
PAY00006,O00006,162.5,BANK_TRANSFER,PAID
PAY00007,O00007,912.5,EWALLET,PAID
PAY00008,O00008,687.5,EWALLET,PAID
PAY00009,O00009,425.0,CARD,PAID
PAY00010,O00010,322.5,BANK_TRANSFER,PAID
PAY00011,O00011,637.5,EWALLET,PAID
PAY00012,O00012,122.5,BANK_TRANSFER,PAID
PAY00013,O00013,525.0,EWALLET,PAID
PAY00014,O00014,687.5,BANK_TRANSFER,PAID
PAY00015,O00015,237.5,CARD,PAID
PAY00016,O00016,525.0,EWALLET,PAID
PAY00017,O00017,197.5,CARD,PAID
PAY00018,O00018,255.0,BANK_TRANSFER,PAID
PAY00019,O00019,235.0,BANK_TRANSFER,PAID
PAY00020,O00020,412.5,CARD,PAID
PAY00021,O00021,230.0,BANK_TRANSFER,PAID
PAY00022,O00022,197.5,EWALLET,PAID
PAY00023,O00023,350.0,EWALLET,PAID
PAY00024,O00024,550.0,BANK_TRANSFER,PAID
PAY00025,O00025,987.5,BANK_TRANSFER,PAID
PAY00026,O00026,107.5,BANK_TRANSFER,PAID
PAY00027,O00027,660.0,BANK_TRANSFER,PAID
PAY00028,O00028,95.0,EWALLET,PAID
PAY00029,O00029,215.0,EWALLET,PAID
PAY00030,O00030,490.0,BANK_TRANSFER,PAID
PAY00031,O00031,125.0,CARD,PAID
PAY00032,O00032,462.5,CARD,PAID
PAY00033,O00033,367.5,EWALLET,PAID
PAY00034,O00034,610.0,CARD,PAID
PAY00035,O00035,40.0,BANK_TRANSFER,PAID
PAY00036,O00036,280.0,CARD,PAID
PAY00037,O00037,490.0,EWALLET,PAID
PAY00038,O00038,457.5,BANK_TRANSFER,PAID
PAY00039,O00039,190.0,BANK_TRANSFER,PAID
PAY00040,O00040,637.5,EWALLET,PAID
PAY00041,O00041,165.0,CARD,PAID
PAY00042,O00042,137.5,EWALLET,PAID
PAY00043,O00043,425.0,EWALLET,PAID
PAY00044,O00044,705.0,CARD,PAID
PAY00045,O00045,350.0,BANK_TRANSFER,PAID
PAY00046,O00046,425.0,CARD,PAID
PAY00047,O00047,1250.0,CARD,PAID
PAY00048,O00048,430.0,BANK_TRANSFER,PAID
PAY00049,O00049,750.0,BANK_TRANSFER,PAID
PAY00050,O00050,80.0,EWALLET,PAID
PAY00051,O00051,190.0,CARD,PAID
PAY00052,O00052,320.0,BANK_TRANSFER,PAID
PAY00053,O00053,725.0,CARD,PAID
PAY00054,O00054,762.5,CARD,PAID
PAY00055,O00055,1250.0,BANK_TRANSFER,PAID
PAY00056,O00056,592.5,BANK_TRANSFER,PAID
PAY00057,O00057,547.5,CARD,PAID
PAY00058,O00058,137.5,BANK_TRANSFER,PAID
PAY00059,O00059,142.5,CARD,PAID
PAY00060,O00060,320.0,BANK_TRANSFER,PAID
PAY00061,O00061,32.5,EWALLET,PAID
PAY00062,O00062,85.0,BANK_TRANSFER,PAID
PAY00063,O00063,237.5,CARD,PAID
PAY00064,O00064,760.0,BANK_TRANSFER,PAID
PAY00065,O00065,312.5,CARD,PAID
PAY00066,O00066,340.0,BANK_TRANSFER,PAID
PAY00067,O00067,55.0,CARD,PAID
PAY00068,O00068,460.0,CARD,PAID
PAY00069,O00069,235.0,BANK_TRANSFER,PAID
PAY00070,O00070,182.5,CARD,PAID
PAY00071,O00071,615.0,EWALLET,PAID
PAY00072,O00072,155.0,EWALLET,PAID
PAY00073,O00073,250.0,BANK_TRANSFER,PAID
PAY00074,O00074,275.0,CARD,PAID
PAY00075,O00075,1100.0,CARD,PAID
PAY00076,O00076,912.5,CARD,PAID
PAY00077,O00077,500.0,BANK_TRANSFER,PAID
PAY00078,O00078,580.0,BANK_TRANSFER,PAID
PAY00079,O00079,242.5,EWALLET,PAID
PAY00080,O00080,130.0,CARD,PAID
PAY00081,O00081,400.0,EWALLET,PAID
PAY00082,O00082,1100.0,BANK_TRANSFER,PAID
PAY00083,O00083,290.0,BANK_TRANSFER,PAID
PAY00084,O00084,77.5,EWALLET,PAID
PAY00085,O00085,160.0,CARD,PAID
PAY00086,O00086,200.0,CARD,PAID
PAY00087,O00087,1250.0,CARD,PAID
PAY00088,O00088,152.5,BANK_TRANSFER,PAID
PAY00089,O00089,175.0,CARD,PAID
PAY00090,O00090,122.5,CARD,PAID
PAY00091,O00091,837.5,EWALLET,PAID
PAY00092,O00092,190.0,EWALLET,PAID
PAY00093,O00093,837.5,EWALLET,PAID
PAY00094,O00094,232.5,EWALLET,PAID
PAY00095,O00095,245.0,BANK_TRANSFER,PAID
PAY00096,O00096,400.0,CARD,PAID
PAY00097,O00097,250.0,BANK_TRANSFER,PAID
PAY00098,O00098,875.0,CARD,PAID
PAY00099,O00099,320.0,BANK_TRANSFER,PAID
PAY00100,O00100,187.5,CARD,PAID
PAY00101,O00101,345.0,CARD,PAID
PAY00102,O00102,1137.5,CARD,PAID
PAY00103,O00103,1100.0,BANK_TRANSFER,PAID
PAY00104,O00104,1137.5,EWALLET,PAID
PAY00105,O00105,110.0,EWALLET,PAID
PAY00106,O00106,242.5,BANK_TRANSFER,PAID
PAY00107,O00107,277.5,CARD,PAID
PAY00108,O00108,592.5,CARD,PAID
PAY00109,O00109,547.5,BANK_TRANSFER,PAID
PAY00110,O00110,92.5,EWALLET,PAID
PAY00111,O00111,390.0,EWALLET,PAID
PAY00112,O00112,215.0,CARD,PAID
PAY00113,O00113,280.0,EWALLET,PAID
PAY00114,O00114,650.0,EWALLET,PAID
PAY00115,O00115,95.0,EWALLET,PAID
PAY00116,O00116,682.5,CARD,PAID
PAY00117,O00117,250.0,EWALLET,PAID
PAY00118,O00118,300.0,CARD,PAID
PAY00119,O00119,155.0,BANK_TRANSFER,PAID
PAY00120,O00120,575.0,BANK_TRANSFER,PAID
PAY00121,O00121,410.0,CARD,PAID
PAY00122,O00122,440.0,EWALLET,PAID
PAY00123,O00123,210.0,BANK_TRANSFER,PAID
PAY00124,O00124,470.0,CARD,PAID
PAY00125,O00125,220.0,EWALLET,PAID
PAY00126,O00126,940.0,BANK_TRANSFER,PAID
PAY00127,O00127,910.0,CARD,PAID
PAY00128,O00128,455.0,EWALLET,PAID
PAY00129,O00129,380.0,EWALLET,PAID
PAY00130,O00130,92.5,CARD,PAID
PAY00131,O00131,912.5,EWALLET,PAID
PAY00132,O00132,1137.5,BANK_TRANSFER,PAID
PAY00133,O00133,165.0,CARD,PAID
PAY00134,O00134,92.5,EWALLET,PAID
PAY00135,O00135,390.0,EWALLET,PAID
PAY00136,O00136,875.0,EWALLET,PAID
PAY00137,O00137,1212.5,EWALLET,PAID
PAY00138,O00138,160.0,EWALLET,PAID
PAY00139,O00139,1250.0,CARD,PAID
PAY00140,O00140,410.0,BANK_TRANSFER,PAID
PAY00141,O00141,142.5,BANK_TRANSFER,PAID
PAY00142,O00142,190.0,CARD,PAID
PAY00143,O00143,400.0,EWALLET,PAID
PAY00144,O00144,592.5,BANK_TRANSFER,PAID
PAY00145,O00145,310.0,BANK_TRANSFER,PAID
PAY00146,O00146,380.0,BANK_TRANSFER,PAID
PAY00147,O00147,400.0,EWALLET,PAID
PAY00148,O00148,300.0,CARD,PAID
PAY00149,O00149,1100.0,BANK_TRANSFER,PAID
PAY00150,O00150,430.0,CARD,PAID
PAY00151,O00151,380.0,BANK_TRANSFER,PAID
PAY00152,O00152,440.0,CARD,PAID
PAY00153,O00153,500.0,EWALLET,PAID
PAY00154,O00154,525.0,EWALLET,PAID
PAY00155,O00155,255.0,EWALLET,PAID
PAY00156,O00156,62.5,CARD,PAID
PAY00157,O00157,725.0,EWALLET,PAID
PAY00158,O00158,650.0,EWALLET,PAID
PAY00159,O00159,790.0,BANK_TRANSFER,PAID
PAY00160,O00160,170.0,CARD,PAID
PAY00161,O00161,32.5,CARD,PAID
PAY00162,O00162,350.0,BANK_TRANSFER,PAID
PAY00163,O00163,320.0,EWALLET,PAID
PAY00164,O00164,250.0,BANK_TRANSFER,PAID
PAY00165,O00165,800.0,EWALLET,PAID
PAY00166,O00166,970.0,CARD,PAID
PAY00167,O00167,1212.5,EWALLET,PAID
PAY00168,O00168,275.0,BANK_TRANSFER,PAID
PAY00169,O00169,185.0,EWALLET,PAID
PAY00170,O00170,1062.5,BANK_TRANSFER,PAID
PAY00171,O00171,255.0,EWALLET,PAID
PAY00172,O00172,592.5,CARD,PAID
PAY00173,O00173,322.5,CARD,PAID
PAY00174,O00174,125.0,CARD,PAID
PAY00175,O00175,395.0,EWALLET,PAID
PAY00176,O00176,520.0,BANK_TRANSFER,PAID
PAY00177,O00177,550.0,CARD,PAID
PAY00178,O00178,910.0,BANK_TRANSFER,PAID
PAY00179,O00179,167.5,CARD,PAID
PAY00180,O00180,145.0,CARD,PAID
PAY00181,O00181,850.0,CARD,PAID
PAY00182,O00182,1025.0,CARD,PAID
PAY00183,O00183,290.0,BANK_TRANSFER,PAID
PAY00184,O00184,145.0,BANK_TRANSFER,PAID
PAY00185,O00185,760.0,EWALLET,PAID
PAY00186,O00186,500.0,BANK_TRANSFER,PAID
PAY00187,O00187,130.0,EWALLET,PAID
PAY00188,O00188,190.0,BANK_TRANSFER,PAID
PAY00189,O00189,260.0,BANK_TRANSFER,PAID
PAY00190,O00190,120.0,CARD,PAID
PAY00191,O00191,310.0,EWALLET,PAID
PAY00192,O00192,850.0,CARD,PAID
PAY00193,O00193,910.0,BANK_TRANSFER,PAID
PAY00194,O00194,145.0,BANK_TRANSFER,PAID
PAY00195,O00195,230.0,CARD,PAID
PAY00196,O00196,212.5,EWALLET,PAID
PAY00197,O00197,77.5,BANK_TRANSFER,PAID
PAY00198,O00198,170.0,BANK_TRANSFER,PAID
PAY00199,O00199,275.0,CARD,PAID
PAY00200,O00200,592.5,BANK_TRANSFER,PAID
PAY00201,O00201,875.0,BANK_TRANSFER,PAID
PAY00202,O00202,455.0,BANK_TRANSFER,PAID
PAY00203,O00203,167.5,EWALLET,PAID
PAY00204,O00204,760.0,BANK_TRANSFER,PAID
PAY00205,O00205,77.5,BANK_TRANSFER,PAID
PAY00206,O00206,455.0,BANK_TRANSFER,PAID
PAY00207,O00207,637.5,CARD,PAID
PAY00208,O00208,220.0,BANK_TRANSFER,PAID
PAY00209,O00209,575.0,EWALLET,PAID
PAY00210,O00210,115.0,BANK_TRANSFER,PAID
PAY00211,O00211,107.5,BANK_TRANSFER,PAID
PAY00212,O00212,220.0,EWALLET,PAID
PAY00213,O00213,970.0,BANK_TRANSFER,PAID
PAY00214,O00214,350.0,CARD,PAID
PAY00215,O00215,875.0,EWALLET,PAID
PAY00216,O00216,650.0,BANK_TRANSFER,PAID
PAY00217,O00217,470.0,CARD,PAID
PAY00218,O00218,970.0,BANK_TRANSFER,PAID
PAY00219,O00219,687.5,EWALLET,PAID
PAY00220,O00220,367.5,CARD,PAID
PAY00221,O00221,705.0,EWALLET,PAID
PAY00222,O00222,232.5,BANK_TRANSFER,PAID
PAY00223,O00223,462.5,BANK_TRANSFER,PAID
PAY00224,O00224,160.0,CARD,PAID
PAY00225,O00225,95.0,CARD,PAID
PAY00226,O00226,320.0,BANK_TRANSFER,PAID
PAY00227,O00227,730.0,EWALLET,PAID
PAY00228,O00228,142.5,BANK_TRANSFER,PAID
PAY00229,O00229,395.0,BANK_TRANSFER,PAID
PAY00230,O00230,502.5,BANK_TRANSFER,PAID
PAY00231,O00231,457.5,EWALLET,PAID
PAY00232,O00232,480.0,EWALLET,PAID
PAY00233,O00233,412.5,BANK_TRANSFER,PAID
PAY00234,O00234,85.0,CARD,PAID
PAY00235,O00235,275.0,EWALLET,PAID
PAY00236,O00236,155.0,BANK_TRANSFER,PAID
PAY00237,O00237,1025.0,BANK_TRANSFER,PAID
PAY00238,O00238,100.0,BANK_TRANSFER,PAID
PAY00239,O00239,255.0,CARD,PAID
PAY00240,O00240,162.5,EWALLET,PAID
PAY00241,O00241,40.0,BANK_TRANSFER,PAID
PAY00242,O00242,395.0,EWALLET,PAID
PAY00243,O00243,145.0,BANK_TRANSFER,PAID
PAY00244,O00244,400.0,BANK_TRANSFER,PAID
PAY00245,O00245,215.0,EWALLET,PAID
PAY00246,O00246,940.0,CARD,PAID
PAY00247,O00247,490.0,CARD,PAID
PAY00248,O00248,182.5,EWALLET,PAID
PAY00249,O00249,1100.0,EWALLET,PAID
PAY00250,O00250,85.0,BANK_TRANSFER,PAID
PAY00251,O00251,650.0,BANK_TRANSFER,PAID
PAY00252,O00252,425.0,EWALLET,PAID
PAY00253,O00253,1000.0,EWALLET,PAID
PAY00254,O00254,390.0,EWALLET,PAID
PAY00255,O00255,200.0,CARD,PAID
PAY00256,O00256,155.0,CARD,PAID
PAY00257,O00257,95.0,CARD,PAID
PAY00258,O00258,160.0,EWALLET,PAID
PAY00259,O00259,520.0,EWALLET,PAID
PAY00260,O00260,435.0,BANK_TRANSFER,PAID
PAY00261,O00261,300.0,CARD,PAID
PAY00262,O00262,95.0,CARD,PAID
PAY00263,O00263,335.0,CARD,PAID
PAY00264,O00264,320.0,CARD,PAID
PAY00265,O00265,750.0,EWALLET,PAID
PAY00266,O00266,80.0,BANK_TRANSFER,PAID
PAY00267,O00267,1025.0,BANK_TRANSFER,PAID
PAY00268,O00268,220.0,BANK_TRANSFER,PAID
PAY00269,O00269,790.0,EWALLET,PAID
PAY00270,O00270,640.0,CARD,PAID
PAY00271,O00271,175.0,EWALLET,PAID
PAY00272,O00272,537.5,CARD,PAID
PAY00273,O00273,95.0,EWALLET,PAID
PAY00274,O00274,167.5,BANK_TRANSFER,PAID
PAY00275,O00275,167.5,BANK_TRANSFER,PAID
PAY00276,O00276,610.0,BANK_TRANSFER,PAID
PAY00277,O00277,670.0,BANK_TRANSFER,PAID
PAY00278,O00278,190.0,CARD,PAID
PAY00279,O00279,322.5,EWALLET,PAID
PAY00280,O00280,470.0,CARD,PAID
PAY00281,O00281,790.0,EWALLET,PAID
PAY00282,O00282,612.5,BANK_TRANSFER,PAID
PAY00283,O00283,142.5,BANK_TRANSFER,PAID
PAY00284,O00284,220.0,BANK_TRANSFER,PAID
PAY00285,O00285,950.0,EWALLET,PAID
PAY00286,O00286,80.0,BANK_TRANSFER,PAID
PAY00287,O00287,700.0,CARD,PAID
PAY00288,O00288,212.5,CARD,PAID
PAY00289,O00289,320.0,CARD,PAID
PAY00290,O00290,970.0,EWALLET,PAID
PAY00291,O00291,912.5,CARD,PAID
PAY00292,O00292,210.0,BANK_TRANSFER,PAID
PAY00293,O00293,640.0,EWALLET,PAID
PAY00294,O00294,227.5,BANK_TRANSFER,PAID
PAY00295,O00295,365.0,EWALLET,PAID
PAY00296,O00296,500.0,CARD,PAID
PAY00297,O00297,910.0,BANK_TRANSFER,PAID
PAY00298,O00298,687.5,BANK_TRANSFER,PAID
PAY00299,O00299,387.5,EWALLET,PAID
PAY00300,O00300,485.0,BANK_TRANSFER,PAID
PAY00301,O00301,850.0,CARD,PAID
PAY00302,O00302,92.5,EWALLET,PAID
PAY00303,O00303,500.0,BANK_TRANSFER,PAID
PAY00304,O00304,290.0,EWALLET,PAID
PAY00305,O00305,435.0,BANK_TRANSFER,PAID
PAY00306,O00306,1062.5,CARD,PAID
PAY00307,O00307,750.0,CARD,PAID
PAY00308,O00308,425.0,CARD,PAID
PAY00309,O00309,940.0,CARD,PAID
PAY00310,O00310,820.0,BANK_TRANSFER,PAID
PAY00311,O00311,380.0,CARD,PAID
PAY00312,O00312,312.5,EWALLET,PAID
PAY00313,O00313,235.0,BANK_TRANSFER,PAID
PAY00314,O00314,610.0,CARD,PAID
PAY00315,O00315,250.0,EWALLET,PAID
PAY00316,O00316,190.0,BANK_TRANSFER,PAID
PAY00317,O00317,700.0,EWALLET,PAID
PAY00318,O00318,705.0,BANK_TRANSFER,PAID
PAY00319,O00319,367.5,EWALLET,PAID
PAY00320,O00320,970.0,CARD,PAID
PAY00321,O00321,175.0,EWALLET,PAID
PAY00322,O00322,570.0,EWALLET,PAID
PAY00323,O00323,190.0,BANK_TRANSFER,PAID
PAY00324,O00324,182.5,BANK_TRANSFER,PAID
PAY00325,O00325,592.5,CARD,PAID
PAY00326,O00326,107.5,EWALLET,PAID
PAY00327,O00327,460.0,EWALLET,PAID
PAY00328,O00328,610.0,EWALLET,PAID
PAY00329,O00329,440.0,EWALLET,PAID
PAY00330,O00330,237.5,CARD,PAID
PAY00331,O00331,380.0,BANK_TRANSFER,PAID
PAY00332,O00332,125.0,EWALLET,PAID
PAY00333,O00333,370.0,CARD,PAID
PAY00334,O00334,130.0,CARD,PAID
PAY00335,O00335,320.0,CARD,PAID
PAY00336,O00336,575.0,CARD,PAID
PAY00337,O00337,390.0,CARD,PAID
PAY00338,O00338,310.0,BANK_TRANSFER,PAID
PAY00339,O00339,340.0,CARD,PAID
PAY00340,O00340,502.5,BANK_TRANSFER,PAID
PAY00341,O00341,130.0,EWALLET,PAID
PAY00342,O00342,167.5,EWALLET,PAID
PAY00343,O00343,435.0,BANK_TRANSFER,PAID
PAY00344,O00344,660.0,BANK_TRANSFER,PAID
PAY00345,O00345,387.5,EWALLET,PAID
PAY00346,O00346,425.0,CARD,PAID
PAY00347,O00347,242.5,EWALLET,PAID
PAY00348,O00348,200.0,CARD,PAID
PAY00349,O00349,62.5,CARD,PAID
PAY00350,O00350,820.0,BANK_TRANSFER,PAID
PAY00351,O00351,312.5,BANK_TRANSFER,PAID
PAY00352,O00352,457.5,EWALLET,PAID
PAY00353,O00353,1000.0,EWALLET,PAID
PAY00354,O00354,705.0,BANK_TRANSFER,PAID
PAY00355,O00355,95.0,EWALLET,PAID
PAY00356,O00356,820.0,BANK_TRANSFER,PAID
PAY00357,O00357,190.0,BANK_TRANSFER,PAID
PAY00358,O00358,160.0,EWALLET,PAID
PAY00359,O00359,570.0,CARD,PAID
PAY00360,O00360,682.5,CARD,PAID
PAY00361,O00361,340.0,BANK_TRANSFER,PAID
PAY00362,O00362,1212.5,EWALLET,PAID
PAY00363,O00363,85.0,CARD,PAID
PAY00364,O00364,750.0,BANK_TRANSFER,PAID
PAY00365,O00365,110.0,BANK_TRANSFER,PAID
PAY00366,O00366,400.0,EWALLET,PAID
PAY00367,O00367,425.0,EWALLET,PAID
PAY00368,O00368,412.5,BANK_TRANSFER,PAID
PAY00369,O00369,987.5,CARD,PAID
PAY00370,O00370,410.0,EWALLET,PAID
PAY00371,O00371,220.0,EWALLET,PAID
PAY00372,O00372,92.5,EWALLET,PAID
PAY00373,O00373,310.0,CARD,PAID
PAY00374,O00374,705.0,CARD,PAID
PAY00375,O00375,575.0,BANK_TRANSFER,PAID
PAY00376,O00376,160.0,EWALLET,PAID
PAY00377,O00377,220.0,CARD,PAID
PAY00378,O00378,387.5,CARD,PAID
PAY00379,O00379,660.0,EWALLET,PAID
PAY00380,O00380,1100.0,CARD,PAID
PAY00381,O00381,1137.5,BANK_TRANSFER,PAID
PAY00382,O00382,155.0,CARD,PAID
PAY00383,O00383,312.5,CARD,PAID
PAY00384,O00384,470.0,BANK_TRANSFER,PAID
PAY00385,O00385,185.0,EWALLET,PAID
PAY00386,O00386,235.0,CARD,PAID
PAY00387,O00387,230.0,BANK_TRANSFER,PAID
PAY00388,O00388,65.0,EWALLET,PAID
PAY00389,O00389,250.0,BANK_TRANSFER,PAID
PAY00390,O00390,205.0,CARD,PAID
PAY00391,O00391,637.5,BANK_TRANSFER,PAID
PAY00392,O00392,220.0,CARD,PAID
PAY00393,O00393,175.0,EWALLET,PAID
PAY00394,O00394,400.0,EWALLET,PAID
PAY00395,O00395,160.0,BANK_TRANSFER,PAID
PAY00396,O00396,190.0,CARD,PAID
PAY00397,O00397,1000.0,EWALLET,PAID
PAY00398,O00398,537.5,BANK_TRANSFER,PAID
PAY00399,O00399,187.5,EWALLET,PAID
PAY00400,O00400,837.5,EWALLET,PAID
PAY00401,O00401,875.0,CARD,PAID
PAY00402,O00402,762.5,EWALLET,PAID
PAY00403,O00403,220.0,EWALLET,PAID
PAY00404,O00404,1212.5,CARD,PAID
PAY00405,O00405,275.0,EWALLET,PAID
PAY00406,O00406,910.0,EWALLET,PAID
PAY00407,O00407,205.0,CARD,PAID
PAY00408,O00408,322.5,CARD,PAID
PAY00409,O00409,760.0,EWALLET,PAID
PAY00410,O00410,227.5,EWALLET,PAID
PAY00411,O00411,165.0,EWALLET,PAID
PAY00412,O00412,200.0,EWALLET,PAID
PAY00413,O00413,107.5,BANK_TRANSFER,PAID
PAY00414,O00414,940.0,EWALLET,PAID
PAY00415,O00415,525.0,CARD,PAID
PAY00416,O00416,837.5,CARD,PAID
PAY00417,O00417,760.0,CARD,PAID
PAY00418,O00418,575.0,CARD,PAID
PAY00419,O00419,637.5,EWALLET,PAID
PAY00420,O00420,880.0,EWALLET,PAID
PAY00421,O00421,1137.5,BANK_TRANSFER,PAID
PAY00422,O00422,912.5,EWALLET,PAID
PAY00423,O00423,750.0,CARD,PAID
PAY00424,O00424,277.5,EWALLET,PAID
PAY00425,O00425,65.0,BANK_TRANSFER,PAID
PAY00426,O00426,760.0,EWALLET,PAID
PAY00427,O00427,205.0,EWALLET,PAID
PAY00428,O00428,305.0,CARD,PAID
PAY00429,O00429,412.5,BANK_TRANSFER,PAID
PAY00430,O00430,300.0,EWALLET,PAID
PAY00431,O00431,47.5,EWALLET,PAID
PAY00432,O00432,1062.5,BANK_TRANSFER,PAID
PAY00433,O00433,142.5,EWALLET,PAID
PAY00434,O00434,520.0,BANK_TRANSFER,PAID
PAY00435,O00435,390.0,BANK_TRANSFER,PAID
PAY00436,O00436,152.5,CARD,PAID
PAY00437,O00437,165.0,EWALLET,PAID
PAY00438,O00438,670.0,BANK_TRANSFER,PAID
PAY00439,O00439,100.0,BANK_TRANSFER,PAID
PAY00440,O00440,175.0,BANK_TRANSFER,PAID
PAY00441,O00441,200.0,CARD,PAID
PAY00442,O00442,277.5,EWALLET,PAID
PAY00443,O00443,130.0,CARD,PAID
PAY00444,O00444,250.0,CARD,PAID
PAY00445,O00445,425.0,BANK_TRANSFER,PAID
PAY00446,O00446,660.0,BANK_TRANSFER,PAID
PAY00447,O00447,235.0,BANK_TRANSFER,PAID
PAY00448,O00448,137.5,BANK_TRANSFER,PAID
PAY00449,O00449,650.0,CARD,PAID
PAY00450,O00450,730.0,BANK_TRANSFER,PAID
PAY00451,O00451,122.5,EWALLET,PAID
PAY00452,O00452,1100.0,CARD,PAID
PAY00453,O00453,750.0,BANK_TRANSFER,PAID
PAY00454,O00454,235.0,EWALLET,PAID
PAY00455,O00455,670.0,BANK_TRANSFER,PAID
PAY00456,O00456,367.5,EWALLET,PAID
PAY00457,O00457,215.0,BANK_TRANSFER,PAID
PAY00458,O00458,182.5,BANK_TRANSFER,PAID
PAY00459,O00459,232.5,CARD,PAID
PAY00460,O00460,455.0,BANK_TRANSFER,PAID
PAY00461,O00461,187.5,EWALLET,PAID
PAY00462,O00462,350.0,EWALLET,PAID
PAY00463,O00463,280.0,CARD,PAID
PAY00464,O00464,837.5,BANK_TRANSFER,PAID
PAY00465,O00465,1250.0,CARD,PAID
PAY00466,O00466,525.0,BANK_TRANSFER,PAID
PAY00467,O00467,250.0,CARD,PAID
PAY00468,O00468,412.5,BANK_TRANSFER,PAID
PAY00469,O00469,120.0,BANK_TRANSFER,PAID
PAY00470,O00470,400.0,CARD,PAID
PAY00471,O00471,120.0,CARD,PAID
PAY00472,O00472,182.5,CARD,PAID
PAY00473,O00473,610.0,CARD,PAID
PAY00474,O00474,160.0,BANK_TRANSFER,PAID
PAY00475,O00475,365.0,BANK_TRANSFER,PAID
PAY00476,O00476,725.0,EWALLET,PAID
PAY00477,O00477,137.5,BANK_TRANSFER,PAID
PAY00478,O00478,237.5,CARD,PAID
PAY00479,O00479,80.0,CARD,PAID
PAY00480,O00480,762.5,BANK_TRANSFER,PAID
PAY00481,O00481,345.0,EWALLET,PAID
PAY00482,O00482,390.0,EWALLET,PAID
PAY00483,O00483,120.0,BANK_TRANSFER,PAID
PAY00484,O00484,275.0,CARD,PAID
PAY00485,O00485,300.0,CARD,PAID
PAY00486,O00486,470.0,BANK_TRANSFER,PAID
PAY00487,O00487,335.0,EWALLET,PAID
PAY00488,O00488,730.0,BANK_TRANSFER,PAID
PAY00489,O00489,197.5,BANK_TRANSFER,PAID
PAY00490,O00490,367.5,BANK_TRANSFER,PAID
PAY00491,O00491,987.5,BANK_TRANSFER,PAID
PAY00492,O00492,760.0,CARD,PAID
PAY00493,O00493,97.5,CARD,PAID
PAY00494,O00494,232.5,BANK_TRANSFER,PAID
PAY00495,O00495,170.0,EWALLET,PAID
PAY00496,O00496,100.0,BANK_TRANSFER,PAID
PAY00497,O00497,800.0,CARD,PAID
PAY00498,O00498,537.5,CARD,PAID
PAY00499,O00499,245.0,EWALLET,PAID
PAY00500,O00500,1137.5,BANK_TRANSFER,PAID
