product_id,product_name,category_id,category_name,department,unit_price
P001,Laptop Model 01,CAT01,Laptop,Computing,32.5
P002,Monitor Model 02,CAT02,Monitor,Computing,40.0
P003,Keyboard Model 03,CAT03,Keyboard,Accessories,47.5
P004,Mouse Model 04,CAT04,Mouse,Accessories,55.0
P005,Printer Model 05,CAT05,Printer,Office,62.5
P006,Headset Model 06,CAT06,Headset,Accessories,70.0
P007,Laptop Model 07,CAT01,Laptop,Computing,77.5
P008,Monitor Model 08,CAT02,Monitor,Computing,85.0
P009,Keyboard Model 09,CAT03,Keyboard,Accessories,92.5
P010,Mouse Model 10,CAT04,Mouse,Accessories,100.0
P011,Printer Model 11,CAT05,Printer,Office,107.5
P012,Headset Model 12,CAT06,Headset,Accessories,115.0
P013,Laptop Model 13,CAT01,Laptop,Computing,122.5
P014,Monitor Model 14,CAT02,Monitor,Computing,130.0
P015,Keyboard Model 15,CAT03,Keyboard,Accessories,137.5
P016,Mouse Model 16,CAT04,Mouse,Accessories,145.0
P017,Printer Model 17,CAT05,Printer,Office,152.5
P018,Headset Model 18,CAT06,Headset,Accessories,160.0
P019,Laptop Model 19,CAT01,Laptop,Computing,167.5
P020,Monitor Model 20,CAT02,Monitor,Computing,175.0
P021,Keyboard Model 21,CAT03,Keyboard,Accessories,182.5
P022,Mouse Model 22,CAT04,Mouse,Accessories,190.0
P023,Printer Model 23,CAT05,Printer,Office,197.5
P024,Headset Model 24,CAT06,Headset,Accessories,205.0
P025,Laptop Model 25,CAT01,Laptop,Computing,212.5
P026,Monitor Model 26,CAT02,Monitor,Computing,220.0
P027,Keyboard Model 27,CAT03,Keyboard,Accessories,227.5
P028,Mouse Model 28,CAT04,Mouse,Accessories,235.0
P029,Printer Model 29,CAT05,Printer,Office,242.5
P030,Headset Model 30,CAT06,Headset,Accessories,250.0
